MEMBER,PHOTO1,PHOTO2,PHOTO3
Seoyeon,https://pbs.twimg.com/media/GLN_bX2WsAA9mXt?format=jpg&name=large,https://pbs.twimg.com/media/GLx75_WXAAAk77P?format=jpg&name=large,https://pbs.twimg.com/media/GMYKCZbWMAEB8fV?format=jpg&name=large
Hyerin,https://pbs.twimg.com/media/GLUW---X0AA8pH7?format=jpg&name=large,https://pbs.twimg.com/media/GLx71H-W8AAXeOC?format=jpg&name=large,https://pbs.twimg.com/media/GMYKGd_XYAArTC_?format=jpg&name=large
Jiwoo,https://pbs.twimg.com/media/GLYvzzoWAAABA4i?format=jpg&name=large,https://pbs.twimg.com/media/GLx7vrlXgAAPp9Q?format=jpg&name=large,https://pbs.twimg.com/media/GMYKNEAWQAA0i5X?format=jpg&name=large
Chaeyeon,https://pbs.twimg.com/media/GLeTjViWcAABJxG?format=jpg&name=large,https://pbs.twimg.com/media/GLx7p9iW0AA2P86?format=jpg&name=large,https://pbs.twimg.com/media/GMYKTvzWEAAV2IR?format=jpg&name=large
Yooyeon,https://pbs.twimg.com/media/GLYv7QRXwAAWGLm?format=jpg&name=large,https://pbs.twimg.com/media/GLx7kTJXIAAodxe?format=jpg&name=large,https://pbs.twimg.com/media/GMQ7CClWAAAfxB1?format=jpg&name=large
Soomin,https://pbs.twimg.com/media/GLN-BFPWIAA7Sme?format=jpg&name=large,https://pbs.twimg.com/media/GLx7fzMWUAEg5nX?format=jpg&name=large,https://pbs.twimg.com/media/GMQ7IcgWkAIQ0l9?format=jpg&name=large
Nakyoung,https://pbs.twimg.com/media/GLeTXMMXkAANutx?format=jpg&name=large,https://pbs.twimg.com/media/GLx7axGXAAA8on8?format=jpg&name=large,https://pbs.twimg.com/media/GMQ7PnSXUAA6wss?format=jpg&name=large
Yubin,https://pbs.twimg.com/media/GLUW29WW8AA59mI?format=jpg&name=large,https://pbs.twimg.com/media/GLx7WU5XgAEBVCc?format=jpg&name=large,https://pbs.twimg.com/media/GMQ7V0KXEAAp8ls?format=jpg&name=large
Kaede,https://pbs.twimg.com/media/GLN84bwWgAA-r9K?format=jpg&name=large,https://pbs.twimg.com/media/GLx7PKyWYAImORB?format=jpg&name=large,https://pbs.twimg.com/media/GMQ7adaWoAAWuZW?format=jpg&name=large
Dahyun,https://pbs.twimg.com/media/GLUW0qXWwAAuqT3?format=jpg&name=large,https://pbs.twimg.com/media/GLx7LMTXIAAZmbn?format=jpg&name=large,https://pbs.twimg.com/media/GMYKYAUW4AAmlbA?format=jpg&name=large
Kotone,https://pbs.twimg.com/media/GLUWv01W8AAIX3k?format=jpg&name=large,https://pbs.twimg.com/media/GLx7GCOW4AA78vu?format=jpg&name=large,https://pbs.twimg.com/media/GMYKfhhWQAAbtmp?format=jpg&name=large
Yeonji,https://pbs.twimg.com/media/GLN8XNfXQAAtwM_?format=jpg&name=large,https://pbs.twimg.com/media/GLx7B4jX0AA8sGV?format=jpg&name=large,https://pbs.twimg.com/media/GMQ7hslWEAAhFjt?format=jpg&name=large
Nien,https://pbs.twimg.com/media/GLYv9kFXAAAry52?format=jpg&name=large,https://pbs.twimg.com/media/GL4PZbvXQAAtknK?format=jpg&name=large,https://pbs.twimg.com/media/GMQ7nNhWQAAOreT?format=jpg&name=large
Sohyun,https://pbs.twimg.com/media/GLeTR6WXoAAl_gn?format=jpg&name=large,https://pbs.twimg.com/media/GL4PU4CWgAAn7R1?format=jpg&name=large,https://pbs.twimg.com/media/GMYKmphWgAEWjOW?format=jpg&name=large
Xinyu,https://pbs.twimg.com/media/GLYwGufWgAE12pi?format=jpg&name=large,https://pbs.twimg.com/media/GL4PQQZXQAA9fcf?format=jpg&name=large,https://pbs.twimg.com/media/GMYKvhIWAAAHkNE?format=jpg&name=large
Mayu,https://pbs.twimg.com/media/GLN7s-FWcAAe9gz?format=jpg&name=large,https://pbs.twimg.com/media/GL4PLnPWsAAkN_T?format=jpg&name=large,https://pbs.twimg.com/media/GMQ7tLUWoAALf0e?format=jpg&name=large
Lynn,https://pbs.twimg.com/media/GLeTLXQXoAA3bkp?format=jpg&name=large,https://pbs.twimg.com/media/GL4PGVsXQAAgw_a?format=jpg&name=large,https://pbs.twimg.com/media/GMQ71DSXwAIwLLi?format=jpg&name=large
Joobin,https://pbs.twimg.com/media/GLYwMrHWYAAvGp3?format=jpg&name=large,https://pbs.twimg.com/media/GL4O9FeXEAA8OoR?format=jpg&name=large,https://pbs.twimg.com/media/GMQ75siXsAEFJqE?format=jpg&name=large
Hayeon,https://pbs.twimg.com/media/GLeTDJPWsAAYGQL?format=jpg&name=large,https://pbs.twimg.com/media/GL4O3L1WAAAFL3l?format=jpg&name=large,https://pbs.twimg.com/media/GMQ8AgGWEAAhUqX?format=jpg&name=large
Shion,https://pbs.twimg.com/media/GLUWqh_XgAAcgZ7?format=jpg&name=large,https://pbs.twimg.com/media/GL4OySQXEAED4fh?format=jpg&name=large,https://pbs.twimg.com/media/GMYK3h5WgAEg4hJ?format=jpg&name=large
Chaewon,https://pbs.twimg.com/media/GLYwVHzXQAASU6i?format=jpg&name=large,https://pbs.twimg.com/media/GL4OtFZXQAANZgk?format=jpg&name=large,https://pbs.twimg.com/media/GMYK7yYXoAA0OXm?format=jpg&name=large
Sullin,https://pbs.twimg.com/media/GLeS634XAAAaQSv?format=jpg&name=large,https://pbs.twimg.com/media/GL4Oma4WsAAuSUa?format=jpg&name=large,https://pbs.twimg.com/media/GMYLAMoXkAEfvH_?format=jpg&name=large
Seoah,https://pbs.twimg.com/media/GLN7JuZW0AA7DsY?format=jpg&name=large,https://pbs.twimg.com/media/GL4OgjPXUAAx8pp?format=jpg&name=large,https://pbs.twimg.com/media/GMQ8H9mXAAEI_w8?format=jpg&name=large
Jiyeon,https://pbs.twimg.com/media/GLUWi2FXQAAVHyL?format=jpg&name=large,https://pbs.twimg.com/media/GL4ObntWoAA4NX1?format=jpg&name=large,https://pbs.twimg.com/media/GMYLFNWXcAApgH0?format=jpg&name=large
OT24,https://pbs.twimg.com/media/GM6Xj24WIAAq6_N?format=jpg&name=large,https://pbs.twimg.com/media/GLso8C7W4AAotm6?format=jpg&name=large,https://pbs.twimg.com/media/GMmye8vXkAEC2lI?format=jpg&name=large
UNIT A,https://pbs.twimg.com/media/GLiWm4uWwAATcTQ?format=jpg&name=large,,
UNIT B,https://pbs.twimg.com/media/GLnzlK_XwAAQXDQ?format=jpg&name=large,,